high_time,low_time,cycles,requests,concurrency,type,logging,
10,1,1,1000,10,internal,yes,
avg(tx/s),stddev(tx/s),max(tx/s),avg(blocks/s),stddev(blocks/s),max(blocks/s),
,

high_time,low_time,cycles,requests,concurrency,type,logging,
30,1,1,1000,10,internal,yes,
avg(tx/s),stddev(tx/s),max(tx/s),avg(blocks/s),stddev(blocks/s),max(blocks/s),
,

high_time,low_time,cycles,requests,concurrency,type,logging,
100,1,1,1000,10,internal,yes,
avg(tx/s),stddev(tx/s),max(tx/s),avg(blocks/s),stddev(blocks/s),max(blocks/s),
,

high_time,low_time,cycles,requests,concurrency,type,logging,
500,1,1,1000,10,internal,yes,
avg(tx/s),stddev(tx/s),max(tx/s),avg(blocks/s),stddev(blocks/s),max(blocks/s),
,

high_time,low_time,cycles,requests,concurrency,type,logging,
10,1,10,1000,10,internal,yes,
avg(tx/s),stddev(tx/s),max(tx/s),avg(blocks/s),stddev(blocks/s),max(blocks/s),
,
,
,
,
,
,
,
,
,
,

high_time,low_time,cycles,requests,concurrency,type,logging,
10,2,10,1000,10,internal,yes,
avg(tx/s),stddev(tx/s),max(tx/s),avg(blocks/s),stddev(blocks/s),max(blocks/s),
,
,
,
,
,
,
,
,
,
,

high_time,low_time,cycles,requests,concurrency,type,logging,
10,5,10,1000,10,internal,yes,
avg(tx/s),stddev(tx/s),max(tx/s),avg(blocks/s),stddev(blocks/s),max(blocks/s),
,
,
,
,
,
,
,
,
,
,

high_time,low_time,cycles,requests,concurrency,type,logging,
10,10,10,1000,10,internal,yes,
avg(tx/s),stddev(tx/s),max(tx/s),avg(blocks/s),stddev(blocks/s),max(blocks/s),
,
,
,
,
,
,
,
,
,
,

high_time,low_time,cycles,requests,concurrency,type,logging,
10,20,10,1000,10,internal,yes,
avg(tx/s),stddev(tx/s),max(tx/s),avg(blocks/s),stddev(blocks/s),max(blocks/s),
,
,
,
,
,
,
,
,
,
,

high_time,low_time,cycles,requests,concurrency,type,logging,
100,1,10,1000,10,internal,yes,
avg(tx/s),stddev(tx/s),max(tx/s),avg(blocks/s),stddev(blocks/s),max(blocks/s),
,
,
,
,
,
,
,
,
,
,

high_time,low_time,cycles,requests,concurrency,type,logging,
100,2,10,1000,10,internal,yes,
avg(tx/s),stddev(tx/s),max(tx/s),avg(blocks/s),stddev(blocks/s),max(blocks/s),
,
,
,
,
,
,
,
,
,
,

high_time,low_time,cycles,requests,concurrency,type,logging,
100,5,10,1000,10,internal,yes,
avg(tx/s),stddev(tx/s),max(tx/s),avg(blocks/s),stddev(blocks/s),max(blocks/s),
,
,
,
,
,
,
,
,
,
,

high_time,low_time,cycles,requests,concurrency,type,logging,
100,10,10,1000,10,internal,yes,
avg(tx/s),stddev(tx/s),max(tx/s),avg(blocks/s),stddev(blocks/s),max(blocks/s),
,
,
,
,
,
,
,
,
,
,

high_time,low_time,cycles,requests,concurrency,type,logging,
100,20,10,1000,10,internal,yes,
avg(tx/s),stddev(tx/s),max(tx/s),avg(blocks/s),stddev(blocks/s),max(blocks/s),
,
,
,
,
,
,
,
,
,
,

high_time,low_time,cycles,requests,concurrency,type,logging,
100,100,1,1000,10,internal,yes,
avg(tx/s),stddev(tx/s),max(tx/s),avg(blocks/s),stddev(blocks/s),max(blocks/s),
,

high_time,low_time,cycles,requests,concurrency,type,logging,
50,50,2,1000,10,internal,yes,
avg(tx/s),stddev(tx/s),max(tx/s),avg(blocks/s),stddev(blocks/s),max(blocks/s),
,
,

high_time,low_time,cycles,requests,concurrency,type,logging,
20,20,5,1000,10,internal,yes,
avg(tx/s),stddev(tx/s),max(tx/s),avg(blocks/s),stddev(blocks/s),max(blocks/s),
,
,
,
,
,

high_time,low_time,cycles,requests,concurrency,type,logging,
10,10,10,1000,10,internal,yes,
avg(tx/s),stddev(tx/s),max(tx/s),avg(blocks/s),stddev(blocks/s),max(blocks/s),
,
,
,
,
,
,
,
,
,
,

high_time,low_time,cycles,requests,concurrency,type,logging,
5,5,20,1000,10,internal,yes,
avg(tx/s),stddev(tx/s),max(tx/s),avg(blocks/s),stddev(blocks/s),max(blocks/s),
,
,
,
,
,
,
,
,
,
,
,
,
,
,
,
,
,
,
,
,

high_time,low_time,cycles,requests,concurrency,type,logging,
2,2,10,100,10,internal,yes,
avg(tx/s),stddev(tx/s),max(tx/s),avg(blocks/s),stddev(blocks/s),max(blocks/s),
,
,
,
,
,
,
,
,
,
,

high_time,low_time,cycles,requests,concurrency,type,logging,
2,2,10,100,10,internal,yes,
avg(tx/s),stddev(tx/s),max(tx/s),avg(blocks/s),stddev(blocks/s),max(blocks/s),
,
,
,
,
,
,
,
,
,
,

high_time,low_time,cycles,requests,concurrency,type,logging,
2,2,10,100,10,internal,yes,
avg(tx/s),stddev(tx/s),max(tx/s),avg(blocks/s),stddev(blocks/s),max(blocks/s),
,
,
,
,
